30.321,cnnmgtyzhevwqwbpcvfa
10.794,mmqpiptpowjdwhpdzdxl
82.797,lhaorrckqerdymtlyixo
19.441,xdwazdeedxkobslzrffr
13.323,ahqwcacvvbfveeqlhumi
99.85,wcpshbhyxsqudwrnvwab
87.167,ahybrewlqkxysbcbalto
31.28,iwpujopqspfkofwymkrr
61.139,elwurywjwpajrfxehunc
10.116,xnxmlzgqqhqqcegompgo
45.36,silowvpwghqhsrkhggfj
80.085,zxniuvreeggzojzlkvbf
62.868,ugqkwpbtfzjhturpcyia
76.206,ymctpxxqzwngxcjrbixo
65.601,yavtzyktoaeusofjylwm
65.319,lxvnbgxbdubliwvrzztb
82.777,lztqzlkjokxlaultettw
88.51,fwngkianbrpmepygranw
18.801,iovgllrovpwnfmzhxery
21.482,fiurnnmixareaxcaevos
97.631,zxxpckqzixksihvogigg
53.546,hqhbppzwqcosjftwtikm
55.211,xixkuifcpqeabkcuskkf
32.405,rnlqnperybrpmigunuij
11.379,grlulmoxsrxdzzddxcig
46.832,haiqufzajbblcumjkczj
16.48,hejvcpvlwhhkxnxsucwr
10.855,mwosokobszrhbexbhklh
0.088,pewroshbvmtjaendzwko
41.841,vejiicnzibljvzdbitro
38.59,bwayprgaojqahuhusacy
26.813,nshnfbqkxijbzbvpaiws
29.919,xvliijqywwerjgwnltqv
90.589,peivfbpsvlnadgyavzcb
38.328,dkieishglrhcrteueste
87.259,qzvxubuwncjmddnvsubi
91.916,nowuqqvxfjjofadmfgxv
0.761,tenvpmfpuxllodrrjimi
24.377,iavnsfgabdouwjxddzhv
14.099,oczlkpmuhonmbaiukyap
0.322,bdlqgrhxefgsmxlaimnw
19.833,jqmlpqppsbnrelmegfqo
89.821,uqsmdkmrjdddhqnldfuh
68.794,kminttpnrujyrrtrzxrl
8.955,kpzyfbfaougpykywomuu
94.659,ltlaoqbkvvljkzfktomc
48.0,akzkpcxmbthceigxlbbd
4.799,bpghcuaafomlodhtoihq
20.541,kjyvcadomvnyugirlfbp
35.627,lcznmymqrxbjwupjnjjt
23.045,lulurkzswwkwydbtfoby
29.151,ijrwiquqiexcighpklos
82.013,jkdibcwstrjvahwrwwkg
27.564,gvxnmpwabeohkxrfhiox
13.041,dgazrwnhauqwwiawpjmf
34.353,cgehfzjwexxawlqlzoeo
2.988,eoudvabznlsgffmsdynk
84.947,bdnfueaazwqukmvjfeyq
39.605,eqounegvlyoszmcrjhhv
53.974,cwdnwnkuthugtoiamgos
47.201,beyholtvamkhaawcrdyk
22.914,lxyrcruhdczucceoxncu
42.793,iofhoesaedbspnjbmunl
37.876,sjodswwglpqckclobuud
59.771,gohptadghegttspbebwx
54.758,gqzvtzpljofoxaguqwil
61.793,pjtygkygjdlopzwndpdm
26.47,vdxzhbaldhzhyvdacmax
75.88,flmttdqnxtiaqsahawss
5.928,ljyaabyahhrizhwqxphc
90.553,pyrvlpjwbyitrccxuqbn
47.709,gibbvqfhbzvnmlsgdajf
75.619,futmdjjxxwgmqlaqkhnd
93.269,ywufsfnjpembfdnxsylb
2.373,dsgsipmjvsvphgyarnly
19.428,sswyylgmgrftelozzgzf
85.849,pefwsjfzqpoivtujxucv
88.974,tzrmrjitowombggqloau
47.011,ddhcyxidbwwkswgxzdro
97.154,gvyuzchjthecegjnhseb
51.221,ozkklzmrotdbggztnaml
62.812,zocgfurtfcafobndtyvn
16.382,zhxcqsqplfbxtbaxfvvn
45.553,ntohgnltjuacvuezdfqc
42.269,gjmjvkwxxupqxkglqdhi
74.891,lhwbnmtfhabatdoarosl
88.53,cfdvzmzfirvqzjlzkhvp
18.729,cgjiryoqikyrkbsmokyp
64.191,fkmfhzgbpaclywlzaaxq
29.49,mzpeoiiyqlbrypweeayq
8.711,eumpbrfgiuhtftlphnhz
24.53,mkaydocbjsnlfsoishqa
98.648,ccyofatrciyucvnkoexd
22.744,bhwqbokgzadjtjpfefwb
35.077,hynxxadbqvychzqzrjvt
95.437,twzsfygnzextrrubdqza
59.737,lazadsaglustsvzvnijn
0.361,idqeujycfoegrdjcunni
32.804,ejimrzuguoytgpozntvw
63.115,nnpqkvreyjfpcstrzean
92.662,tqkcssapfkpvlahmgxxn
14.45,ekyszclpgwyedmdxxarv
51.91,qiwcsexnemkzhhbwwakg
48.369,zshgvoiyakqzeiquqpxp
31.71,mbojngcvtdgeunqkgczb
79.612,myrctfxunuecoiccprtp
10.247,ytqkqznwxqejvlfvwbdt
73.142,xxiinvlpzspozbvzzspc
85.873,joigpmlcvubiywdsznez
10.434,bvldyyzgtfyqvqpamjcs
93.588,tjkmurqhskbpiimourdq
4.176,pgotqairjmzbbgslyqqf
13.124,owgobguxpmuvwxfrauah
65.25,phjdtebytuzvlfegqlwr
10.009,smtryjuxlnusmizluveh
55.943,gzqvulgmkezdetadvylq
85.457,phhtqghterzujusngcld
11.984,fgbacidkfkbzpjpsnulk
38.097,uwzxndpbglkhonhazcrl
50.511,ykgkrruxraubxicinyvf
26.225,wdtfqdypufffrgomhoiv
94.103,pvyeuhkgjpkyfkjibthd
54.419,qmqmaodmfujmzqckblbt
24.007,ikieuwvhfodchkrnjrto
97.273,xuexecmjkmehnydocupv
19.606,mrlsxekczvauzfxkkdke
28.171,cgqrznrohckxtwefauuc
31.798,zrdxxomroqmumlrhpndn
32.265,thifjhpuxrmfzvjzsomr
78.637,gnuyfrnjwivxqmkiyokd
30.195,hxkcfahndolmxnhurerz
79.606,gazsuajoznhjixrjtsxc
39.62,autmmlequcvdkonhksjx
16.73,agoraiurmcgktyvzezzd
82.798,unwntuzlummsvkacetdz
97.567,piorwsrfmgwcdkmznqfq
40.771,eozkodetqqudildzredu
82.462,wiibqmqxfrqclrizekem
14.434,ucbvdihhnxvlpnegaigj
1.059,tcftdqgnbqjxqocefxis
72.139,pkvelfutkyaylpcjxkgb
55.175,hefovfrgmgelbejyokdt
93.376,ytdzripdpgncxndxobte
5.391,qrmqbpfffjhkimnocsxw
94.595,wkavsfrezcnfrqfcxevz
65.563,vajuijanyqrixyylubqq
39.097,nafxcxfqpizvfohqoouy
62.197,wvwwxcporekpgijjyxqx
76.712,comdreqvxdtpengcaizt
51.61,ogakikhysamawhruidar
8.186,scbjvrjcdagntmkbsccl
52.039,osmpbskibplqxbcttekt
7.864,bmffpdejajqxvgndothq
68.772,itighxxqxpaeieypagdd
32.989,gnlmhfgmoedeqydcuyld
40.078,zkdnyimafhyintzgzuww
22.325,cenipbuvmkwzwwbdajad
41.087,vvmqzhkigtinzvzeikkt
4.136,mgzahtypsmrcadldlkta
95.327,fghjuakhbxsmhyjtxvwg
28.565,iqwphlthfhckcnrctjhq
28.928,qvswlnzjtpoieeyrunxa
2.783,brhnrkmjgvbrzqluxtys
73.577,ughayacmbaqdgptexkqa
99.715,lqhighvgjucumievkgdy
16.185,wfzdnxdxhuntzwvwgozb
64.881,fslfxgoidmgamappwwbg
74.308,tdejvpslflrrvwisnkyn
13.905,gpqxgzxpoxcfgikwhjzj
87.485,ngaccbjpdlmwizungmij
65.679,aitwcoepfxvbuepnzuay
58.567,qqmbiegokjavdjsfwkev
96.832,tlebpltuztgybrydostb
52.445,uddoogxfbzhsjecrsssu
69.009,iorkxcgegbyejagargaa
50.038,orgqkldutrjeswabjzyh
11.995,bwtuhpyftvdcqkkaishl
81.132,hrnvevttkltwgvjjmpdt
9.392,mgoymjjnlveqpocogfhq
1.648,ataingqrjztxpancfail
2.747,ibxqtvunonkhepsnamlg
98.921,rimxnaqlhqtdnyzbhtam
80.464,cxolseqliedwnijabsag
81.198,kollbsgosdmdbsccpfjs
71.592,qctfvjvymjtpejzfsirj
64.8,brriodheqvpeyyqguuxd
34.022,vbyezphsnuiywtpnvzpl
63.115,ghodnnfvldikovucynbw
72.899,grzqwrtulnkczyrkwhns
38.123,dcrznogmkiancvxyusgm
15.82,fnklexkbbflgnudcrbok
45.667,holutctipbodqnutshog
3.175,ipupzwxrwqnozbeurshl
44.995,tjmsthutztfravnwlicp
18.392,mmaekcddejfcnxnsvzad
56.147,ltlluctpbzurwlwfzlwc
61.497,rajwplijmoyhteynwkdf
4.981,ypnxbdrbbyvlbeehvfqp
37.553,murwczimybmpzfvrboie
7.536,mhllhjxgkpdmzptdjiml
97.682,touktjegujprmuwbrthk
15.617,vbnbtibljpqmzhmcxgeb
58.082,ucyzrknknceqxrzhceni
43.108,unatcagxewgolkclkehd
43.146,pfwqtvofakhogyolouho
13.109,ftfxqiqfuuolkfbvogku
26.641,pjiggdzgnktcycpxcgli
66.946,tcdewemdhbwzovgrzrdi
82.118,ppbevsyonnnolpybfuqu
65.251,fyzzkbmehjymqihcasvq
5.813,bintclxrkbhkrpzpksyd
52.267,fsdkyvtuqyzxvrueudaz
6.942,jewxjzzmucogdsqblwne
81.533,giwnyamtldtykaqkafio
57.715,odtyhtzjzubilgtleivb
30.486,tyujwpcspubuelygylfa
56.856,roryqyvfsocnyaxlaumc
31.772,ubdkclbpeljzmjzllbnc
30.241,iiddwkewycpllgnbwyfh
1.809,dqqnylhfjmmpiplkjvtv
80.505,ghkzwhttykcplavrzbwz
5.193,ydmzatmvekabtrztzbsd
20.169,wvmsjkcdcrxxtiqxrcot
20.14,bbjfkhqvijdwmitryjub
17.809,ymtroalcohyfhqfcrbqu
65.636,qyxfptxqddkdzytmbfdr
90.535,anawvvwppbwtynjrdewy
66.994,mladaycnquqyalanlbin
90.485,kkqgzqfsclgzoxvennit
6.763,yqnlpsunqdsrvliwxdeo
34.427,ujohdeaxiyfyuvjsrsrz
84.132,gwfmydqxiyjmxztwaxgr
38.676,mujrfccnnkzccjjiwatw
94.134,zytsebxnedpaplnknmny
59.967,hynsnxjvgconnchhoesh
95.323,frzvtgoskzcmrmtuvzkg
47.749,zrernhzuetlssknupcpo
4.259,qvhjfwkempxqdkepuoxj
49.773,nfenssbvntvqpvbvghra
72.59,sohfieuchwegkreaibsv
14.23,xvrcxqyrdihrhacbqtzs
3.874,gbwmrtjhfzolvsjnpraa
68.881,xqlzwywazwrbpbskuzdi
7.368,gndtkunkvrwgbdeveuyj
46.917,ascrcxqtlnxxuqxbttzk
70.49,nbynlnawnfucobprrysy
46.903,pznjruevchfvmtmkowgo
62.396,nypsxbnrnseqwfgwxwwj
30.271,wcnlqrecdpdvuwhbnmin
72.185,kjlswdqdycgwmxtxvbjd
35.073,rnswsfzszgqdzmifzugv
27.433,btvidbxyfqtvkfdpvzgo
52.785,zotyofxyvgvbjmunozif
17.729,tqtcoofgrjbfewwbukln
4.836,yjdrqksscqhanvvhdgaf
21.378,zhjsqrnhfkpeeovljhgm
25.451,blcqjpfkrnzckorgmoll
96.668,kcwgbyzqygpejlpnggxk
81.984,ckuzuepvsrupohvmquyo
95.719,ptdctdaiqmfywwegfwbw
32.466,skrusnqvhcekqyrjasbu
49.692,hclsaqfggotnqdjbkzjl
1.015,kmefvjuoepmtwzjbkelk
92.832,qheqshhrguivqdxjpxfx
71.904,siyqujrbmnayrnctieqp
64.789,absndzefmqihsvgyzsdl
2.378,vqvoecqpyoffhnalixrt
31.078,njkbinyvdqwssliwgqbn
74.874,otxkukiiuuipvolqfahs
44.827,bjnvrpcdtxiafffshexy
66.74,frxjtlvlejhdjnvgitdt
71.962,uhmpwwozxedaciejirtu
38.608,dakvmtcyjhetqximtlrp
84.21,hadigyxgqtrsdnlxrfqt
25.371,rrcsubaktmgcnwsjydvc
18.433,vzgqqrcewoadlomdatdt
7.456,umukuzzpmdhpaptmxfsz
85.454,pdphfxnfalgnrmmdiasd
8.84,ffxvavuwbfgwhgtcdenw
77.787,trbisjqwjtwpfasdduhh
78.908,bhqehoulbmyvuucqnloc
26.358,xhycpkiomcdmwmzimjda
77.086,wpfhtewxkxdfmqivnfhd
88.824,bbqtrwhlgcqlwmxtxrrx
36.015,ajtavqqrwffmsxfbimtw
41.951,opoiggmrntyidmmnoyhy
71.887,kpksfnqnkwtxrjcsgpqc
70.574,asbqodusbbpmpcmrkqbi
6.877,ilbvtdwmxpeakhazlctn
86.626,cdmigcqjaghrwoqwxedd
40.793,ggsstglhcevjevxuzyov
28.759,kteimdbgzzhycfbvwwps
86.023,nkxfwjhhftoruewjfjse
96.559,nxdfoahrpblksrsyyova
1.946,vzwijtctbgodddzganjb
55.768,fwwuuklzlmiwehitlgpt
19.579,pnilugperxywsrpxfzny
63.539,mzozulhjjzemabncsdci
63.854,wcvujiiyofhsnhcppyhz
89.54,tjzijbhqjtepbiweajie
91.417,jaizpiqhotgovwcvcbgc
14.696,dnelyhdvlfnnocpfayqj
67.269,ccqggruzhtlaoguktdxm
80.866,dcnilvmwssmxhfzzjnqk
97.895,azllqefwyzpizwccglmf
16.597,idwwvtutlwjyvwtguqid
30.128,gvfbksjovitrfqhpjlxl
55.695,xogghvafmmaetkrytlhu
78.539,ajwawfvirbowsfzongvi
0.838,eflpqwbwsbglmjozpilt
75.096,mhjpxbvvutolyizlpwbr
30.708,xumwqtfzuxiutbswoqql
20.037,zjprurwuwpzqqrotzvzt
35.978,ylidezmuqllvcbbnombs
14.335,jwtcyktxxqiystrnuddg
84.486,zeczczduzbdnscpgrcla
16.818,imrsfmdbdpdhfkqsxzmt
99.787,zfgyjunnejmijprouclz
70.689,gczrqgkaqrqzqascfohx
99.909,ltctlqcgkasmonryeipx
25.644,kuwszavfnovzwgtikvps
15.866,kxftdlvskreqbxaejvgq
44.41,hyuqxbxortxmcbokdjoh
80.028,trpnqwelornvfejzimgf
47.267,xyoctswiycffvtespmph
23.442,exffhgahqdbgbarwzcca
84.79,dfypvijjhqigwyffdgqp
29.707,tyncrpfadzaukinwjjms
27.372,cgkldqpevcozqjurppxy
74.898,orcdkylsnmoigvvnvmiy
17.217,giaxtsmarrgpoekkwekx
98.735,yznfleumvrvuwrvfcwnz
99.84,hyqvzuiaobdahqswaeqn
93.428,odlcrtmgqkpzhiymopzy
25.19,cstfejdsajfzyldktxzi
96.887,lwkjchvocikhewxxhcsg
90.362,eryocjolsopsimojabfg
15.601,yutrnemnjbxzxbguselw
91.53,gfopjijmjzopanxjqjgr
81.537,slpjpwnmwskevetrblmp
63.118,unyhnqiemgayfnrfnypt
12.973,qrbmuksrbbfqtnzohzrs
85.167,krjjydnnvrhggdntuuiz
75.359,icashpzmhwzcvpwggpeg
6.966,wjcidqwbdvpxadbsiwgp
56.804,zpabyxejquklgzsyuixj
13.21,jqqxgevwngonmepbivnt
39.449,xzmfxyklsifucepxffww
65.878,rgyeptnvupwakvaayumy
15.323,msocdpcpezwasswwaybj
46.501,lcarorgisgzivyuakapc
20.508,iwsmjyllpzfpufjpfuyj
73.085,kfxkvfmiqowdshqrnndp
97.02,absypxwonbdtpjxljbet
15.002,onekomtnrylpxoeogvtr
88.83,pxoxoyfaivfmpyhifzpw
26.543,lefeslebumhqhzaofwkl
16.3,uyedwytrsdcmcyiwdswt
51.925,zbkwqidexkbvgarhynml
63.097,rruegjgmljydotbcjwdg
34.507,wqqizpcdhavdfkuiydgk
98.056,wxasrqovvilamplxndrl
82.792,qtaflcuvypaihcxdcrbk
76.562,vmzateatukwozmalauih
63.695,vploqjhuanoadngmxvfy
81.41,clpkvdeflcqcijdxirzj
27.717,tjpegwlkcwlzuymjvilc
40.335,oouxvmtzwxoxqosdfeoq
99.895,puosvyxzjgzejybpjifi
0.959,zimvzoceiqrafscpvvrl
26.186,cvidwqbmswhghpcsumnq
95.07,rpdtdbcwvramfvizujdj
88.372,oabjaajmztgkrwllvuul
98.766,moxansryereqgtcvysvs
41.067,pofqazdiqcjlyuyekzri
82.403,dhhurcgamvlejutzagqc
80.13,fnvcnqbnmmnzzqitdyww
6.709,mnwvyjnrillryfsncyux
20.524,ypehwyfbjxfvpbvgxcbp
11.164,fnqpnzshdlnhqiwmkbmz
72.271,obihaorjsfioctstaohy
75.802,tjzsqgmkgviablcrjmhw
55.664,xibmohcxwuvtnrshmqfx
35.786,dmvpympmdyygxlmdsdnc
40.931,jlxpcogeakwlpcejwiwp
75.746,siihqyrhiivgeunrkcdz
14.396,dqzdwxufcxtclcglprni
93.261,wrqahpcfpjqzmiqewtyl
74.08,qaryxdgecdupqidpoika
95.091,yjwfecfvsylgypvsaldo
51.749,lixqebgqejjimjldrrqp
35.87,jrrdztcdmxxxerbtwlss
48.434,qhfpfqejwhynppmvdufv
35.861,flbnwqwypftvckpbhrdk
22.221,ubbaxwtlzlsbwhqsgfzc
66.165,jukvxkeetigfuamobvan
23.557,ztcjcjgbqmkgkzcqccjp
33.799,wbokrszxboluogipklus
11.449,twcdwralnfnxjkypznvn
91.019,xwrnigalsfjxnrbyhilg
50.805,dlqsvyrynxsgvemvgexn
29.831,bapbfueakrtorryneacs
80.365,kgggxkgbjbamlgmahwwn
9.792,ugjqqxzygrtahzfgvphu
71.437,zeoohzbdixdpxngfsiof
16.627,asllctazvedcbzgmjeqi
34.5,mprdqrluvknolrtgkaqz
94.357,decjvggqgjxqcmaobkaa
0.694,zetfkuhusybzntqutgrq
51.215,zerrlltpiasczvgcsdpg
16.52,dezenimzfthxfzmcvyng
34.331,bpmaoulsuitpzpyayyrz
19.614,bmaqacphikpksxydhlln
10.652,zgzsvpcbfmjrurqgmthd
27.012,aqhaftxshfgtbuyadnkb
46.568,xirxrdrntjqudozvrpdl
60.739,kcdnundkrjgmttjypdpl
63.25,cuzatcokdqanrcqcwkel
89.341,qvhfveynfeqhissiyswt
89.333,yxdpwzhbnixderihshwr
90.193,lowifmibjuxsrwqbfurp
34.274,lmexdxlbtbzmxaolsfuf
1.458,wzgmhsznvporhspycjnt
30.921,papifztjkrsvnvshltqk
41.202,onivqcgglrvpgegvgizg
19.514,vsvwchbeegkxmdjvfnwb
12.284,xhgkdisoeubthykslfwa
94.36,syhwpqmhdyepccialjuv
46.852,zrtlzijpzpoffxxrhdzb
95.1,leqccxuobnkzabxtvxic
78.593,jyhchcexfbfiyubwytph
34.33,evomrtkcedioefhpwhtv
32.67,abveferpzjrhvkkkuxis
2.863,jugdervzyndkmcaznlow
6.475,ssgaqvpqubcboppnoeix
14.869,ohngutcyorxfwfytypdn
21.936,buemrobjjdwfywgifnwa
40.045,uydnfimfhljykdshpusy
78.578,tuayxqapmvqneigankzu
23.948,vvfcszcylokbsurisven
56.586,hkqlrkbcyeqanvshduqt
40.548,sfiyanjzqeyjxlolmdle
90.569,zhcxamrpsilbdhfxrjqf
89.934,xytfxhufdrijqwchxvao
56.964,hiigzkmjqrykyfbdzeyr
49.827,nlcgrbcozsmwxbiggnuy
12.35,qvvlbnyszjfvupntiycc
6.263,mzdxhiopubzhxuinzxes
38.646,yyjotnhylkntowgajpzi
9.685,ixjluateptrljmvzgfmy
73.328,noainnvzqjrgwmphndsv
74.07,xgioagxftykgxsplipot
44.295,jfmeewnmtujzprmfnzhn
30.03,wzhkalfnutlayzkhitjo
73.059,vdbzpvpiwquhmhjlqyyy
42.551,oipudakcczleyrzuyecg
67.898,tlnhvjllcmtdlzaigikb
86.194,evicqovfwylhpsmwxrmx
80.364,gcbabnngxnpfycgugher
18.867,qpuxvoifuxfsoyojricg
42.141,dlwigyovujcoapnujljv
48.097,dghmrcvutqxtudhxqlrn
79.202,eplwnxfbkycljiimcfle
86.704,zjjvpxnatzkxvownwtfe
99.685,fatbezfxbqfiwaymkjsh
36.851,tksqshmzgjtyouacfdtx
49.802,joscscovydqwicbegwtq
21.224,yegncpqhgzscmplzzvqn
68.529,wcwtdtwvzdnzevjvajvy
8.824,uhawdriufeegjydsthmy
50.713,lzusopubzrakkcsbxdkw
49.9,trqregioxjcpkrnovrcu
15.686,tsicngvmurxmiucdraif
84.129,eeitzdcvkogfjccscpwp
6.96,qogqfzudcnkbkpamgetq
43.603,thkimvfpghobddtpfalm
12.625,tfoxlkzbagssazcttpwd
28.995,ejeyedujasgvqxzghuom
23.675,fszjtwsfrogjwhqeydso
10.197,dgdcxdstdzntcgtchmpo
79.704,lfcchouzgiyfvqfjcqwq
2.717,ywrxjqxannrxpprlrlux
36.465,pcnozvchriawjhzaqmyh
89.503,oxvwptymrmowoooroztp
49.758,kthrpkflfuvqdpkgvtoj
82.165,obpnwwfyrersxpwirihg
39.767,tkztyqvnpzcghrugwxsg
47.851,coksqjtcwgkzgpjtgfer
0.613,xoridzkdvdegcdbnjqwj
16.014,zwhldsxbgsyypntgpymw
60.57,sfexjgxyqjsrtjjlbsfb
11.971,bizsbizhtevbdxlzqqzj
90.985,kcxmqkceausibakcrzrm
77.469,ebclbwhldxkjwibvpkgk
53.035,ukpgirzerzsplpamjgoy
4.434,iiggzcgjbvjoftkoqslm
52.585,zdpnhtlmqdmdaalkndgt
18.762,asttkyqopncjxbvuqqxd
33.214,estlfydppyiewoynwahe
40.066,izpnrvbsgvgodqebjoey
