epftddvmzhovqhbhumww,96.132
xjlvnmepzkndkinpdpep,75.087
bcxkwhrcienulsuykxzq,26.105
kwqnzisiflpizwondxwx,76.902
fdcipwaqxcigafaprfsq,47.907
tssjrmersoulbpmmxshv,10.898
zdtrfrmpkwalxoyqrmty,53.978
cuegglzibqqvxdgnikkz,22.049
mnbuhvcfrldqydqbehdo,11.997
jwinmzhepqlzopvrsbfw,11.433
ogadnwhzeksvfqdadyjb,50.725
lfnrjyhrcomzugbegglo,61.18
bxhztdounniulprmlgfa,87.996
sotaomecghhzvgcajsgo,47.437
wtaxnfgzozsusoqssgky,42.124
amkkjxifiujistycxahp,5.17
dlqybzskmvwhgtyuevnc,62.919
vrzgricqhgeudulihvby,58.57
zusiblplwtgzxyvncbcd,80.773
vucnggzzfbddlxnqvzkz,70.555
xgxtaqmeqotesgvxezgv,58.315
oupbtpjtwvazzjuffypb,2.003
dhedxhnhnwulsggzohbd,85.003
wtwmzrbwlafqhbjbsirm,65.172
yxefnfnuogzytvqfslxi,71.174
owhdpuldnmctanlrxmlu,17.41
yssytqgbgjvtujirxqkq,87.439
nzuobwwsmimodsmonzlf,69.984
owxxwstwlejpuyolmqqu,52.483
fqglyaxiohwlqbnzlasx,39.77
zqzmoeycftbjwcewyxis,40.658
sgsrkdcsxwkutsmthnkh,0.815
jgllxdzkixqbxuhfwzcy,9.476
bmphkzanzawfspfxxeiz,94.379
dzittlyvcqqekwnqesrk,58.442
qqnpesuhbeoojhjfnbrx,71.528
gbpmnpfxvzwawfrfqpaz,48.119
jsupsspguqxgethxgxsj,53.824
byphgbsxdkdmoygrofhe,98.841
gdjraxdsozfyscszlgly,7.34
mufynycyjifeygtswyig,42.15
urebfzsqkkmstpmlgbyl,58.977
dmkwyryfneftrlvngxtm,88.53
tdodryqvknzmydmnlwlf,0.026
dymfxbqlrdfnnvtvydru,75.224
rfzfyjixqmuaemamobib,19.062
obgfpismrnpeclufhgcx,55.635
tfxdfsdbrjmfgfawzdak,86.057
ctbptjanrsskbjvcjbyo,8.601
yfljnixqkrvljzomckdn,26.88
tjstfgoqlcnnwzdtxiwr,84.119
ipbugvsmbyawndroggwi,39.304
mhkopcsyucmprksuhcnw,32.026
jocjzlpdxdmkxqflqhmr,81.215
bbadtfupsapmsvgrlbyz,39.717
gtzywepclrpjsvykpowb,55.181
jnunrwsoxnynbewktmat,32.302
zyubqhbjkcfxmpyiuyxu,50.256
mgpknlawmoblxbuodrux,31.827
kuozgqwuscttjyeuwxwa,28.938
xcseymmtiwdvltutudit,30.083
xsblglvvyhmuflnoqoua,15.2
oinibmvtfnswjvzchrpd,33.599
azhatpxqrptsdbwusxfj,43.795
vybqcbomzkbamlfwvnpz,27.499
smwhqhnocuypxqllfyzc,47.326
ryuwssvspfbqpmmugkol,99.288
fvgusobimhlyszycjuom,41.156
owmjgeuknirwucmvucqj,61.079
ukyuobhojlkxbvbyavag,27.831
xdzxvgetdurfqazvjabp,56.763
dphdmxzwazgjahykrasl,49.749
equempzzifswflnpakbs,13.102
egpxzddnrxgoiwpkblmk,85.913
apzoyciwqyrbdsjalssj,46.277
jutiraoryhyewcnhevnr,52.632
poejctxgpcmwbdtdxwbe,94.583
lgnkqyvjqlsvoessgxrp,54.557
hfsqqakhhdrgufilxeyj,7.723
daylchwoahjdkftrmtik,3.948
vzncwzvigygkigwrnzsd,7.581
vqcgpjkdacryfhntmywr,45.472
lyfrnoelxmalhpormoom,7.213
ovsntibliocyuroyhaqh,21.106
bupaspfwoxrguomiehdj,18.523
siqdfxuiltycsotpmqoc,6.296
rezjustpkafjhihydzoq,50.365
pdsiuhpdmfnrgqkcrzjy,92.414
bjrpwojtfbivjxiujxtb,74.645
nftrlpovuutgrblwnnnc,8.845
hdvnaqbscxmtgcahetsh,78.088
ihxtsllcozglaadqmakx,13.592
reufczsqxewjgqcrhxqs,20.139
jargsucdshnwuilvkdrx,61.566
oqqeicptkifuzccoswrs,94.68
abvrhrlcoamopqxsfqju,41.662
ehwieajccuiqsermfupe,29.982
cngncubywqltdbynrykp,15.284
uopnxpfienckhjoijrzn,63.942
bybdlppmbzibehylxhyv,63.464
jnilsuxwhyyhuihounun,69.78
ytxeqphxilkcrsxgzdlp,12.107
geyncjpqlbyzjtnwaorb,65.755
vldzsrftawgemjyzurdv,10.477
pjtmbyvlulnckmkpzzcy,5.815
opxeschbrpvoryjxgbyx,33.826
kdnmatnkepiaxsnleemw,91.654
tyctteedgccajhpddcgf,81.541
ipcgifodyhfnbwnawhxv,56.958
bfoelucukjwvnmiugyxo,18.57
ebfiolzapoleqmjrvmnl,10.486
nrumodztkzvefhjajbyn,8.38
xvahbafojqzlkzxztdjh,8.783
yykpvdxkzpvhsyfkhqcz,60.013
jnvmqosqpbcfqyfahapq,84.946
trzxwafcgprkepyxvbme,56.831
jhxtpadhxkgebnrctyli,18.424
bbgrnmkieoyilpddsjun,38.713
ldferuaamrfxpfclvnzm,95.386
wyrvlecwdjoqwpiumpha,84.043
tnqchgaqmhowuwecdmfh,32.288
yfxywwhnkeoexmbustoh,44.647
cgarydrvbrtaswbdoasq,40.033
bifkiyhqrxieejssotqc,90.061
bgoqgkooolqokwjytttn,97.593
xfjvvymtzwtgexbsdeek,0.427
kjcbdisinprolefjvsgy,79.655
xxjlqjvgdsguvpccwmfh,5.404
icyvhfmairyiytqpaoyu,20.294
wiihvinatzkrkxvobrel,56.589
ekjjoedjwjbdukrlkznm,50.662
srdnefvldpckqflfajhb,7.46
lgqbksqabnpnvezulgkp,1.529
ccyjrgijlhgbtoujezxm,63.25
pssxxgjmpieuhdmbsnxn,88.172
xweowzqtxxtenkqszavw,60.818
jwkhwbknewwgzcmlcbhl,52.335
fwehcnkylclnqatjetfw,1.241
meckdcdznbyhnwyadjsw,60.768
ylswbxkztsnhfaaohgsu,69.599
skbpxymwqvurggjprixv,36.618
dqsqspljdmprmrtlxwzm,82.589
ihxpaqcnowvlnlemvaed,46.847
qrozbanuwfrfdolxbwco,22.537
ssanuhacbyfsalxgwnqh,41.988
povvrbmcolohdetxysts,45.016
rkalrfbuaholbhoohwnj,44.286
lzvwtcmbxzdmfisjhsrv,59.509
rigbdijcfjlpvcdmufxs,44.657
wummgwmcdyzowxyrzybz,45.539
jnexagpehprpdndmielc,50.403
fdzhuyxjnhzgtshzsxeg,89.534
cdhaswhhbselbkdxylqf,30.763
ydlbfczxuelqjxogtrgu,0.026
hgsleupzkjrqshcgxdvn,48.413
vmbdumfulasdzbyednqh,77.507
svesnscmgyxfkajypuid,10.957
tfrlzphsqirgjxujhgwh,11.189
uolypboqnrtlxkwkfzii,56.856
vdixjdvevkmmycrzwhsf,85.794
dfeqamqknrykkmvqcjqz,36.416
pribavqupaoftmwyaols,33.263
tnudbbrnvqdvhnethzgd,41.472
jpnaiufbvnklbmtzfceg,18.027
acvdrkwixbkxtgayhcqd,96.775
eyyrtjuwsbbszbizfobz,6.736
dwxfvjxaklnyfduoizni,11.175
wlygeottokywqlbvvshg,18.002
eunaezcafivfesykecxo,1.499
mpsyidgrgkvzegeyjlry,50.301
tssizmxhedogeokdqwar,65.436
tmtmtikxoqnikbxtlykt,41.502
sjmrhjqntpysdlkqlqfk,58.026
ztovuvmmogutqgqyyiya,59.394
ofrahuklbqczxgqctqrw,76.814
ftuuxheomuozfdieyals,2.728
ivzwjriazfmruwkkgfta,24.455
cfxjywhgqbpjaxbhehrs,1.543
wzdhcmnyiutyhpkndiss,86.18
mflwrihpcajnfrxcrmnd,85.673
mbvvexivetyzjefosltf,86.807
tjesqxxhublwerigskpk,33.126
tlncznqljylxkkonipik,19.045
jgmwjydygyorgzfpdugw,64.076
iliyttmuvekbmtllfrfq,83.508
frkrefiipexizluckvfm,69.531
wyantqexpcownnghpboq,82.024
xsycvtgdtgjaduseyaxj,47.619
qzdnnnabcbhustxzgqeg,37.505
zhulwecwxhwwqgfcdwxe,14.921
ahykwvvkudkqeajehblw,2.996
gpnwzdplzzfllmexbgjz,68.52
uhrekcqavvnmenkcaltj,69.887
kjfbgchkomeinkaeopoj,57.139
kcycvienipdqrdjuniwn,60.099
wsvqffzuztwxraevapah,11.567
llgbqubtjwymqynecoxd,65.43
lefwhqowpzbdkxyewqhw,66.01
dkhgpaqrnxuzrudcfebm,24.578
hsojpfndnanmsyloqvsg,8.032
fhtwmvzbiptqfyqfbryj,95.57
hgnwjdjparmdgtetrcoj,72.136
nsrawdtrukqimfsdczyh,50.02
mwprwtejujkpjgdkjpsb,68.774
ttzgmopwovjgbiivcltg,45.435
jdtlwrdenjtjwgpqptkd,95.126
dekarzupaqhzrtuhnzqp,22.369
qxblpoqyihoyakmxswsp,47.781
uwrcncvpalvznznvbfic,74.168
vjwqwbgodzvyowrxzgvs,28.048
kqgrngtshmjcsiglmapd,0.415
dohqdqjencrifeoxxsea,40.94
hvwwfskeftdclespyftx,23.57
gmtlawjxrjhpkjnmthxn,63.782
mgixheibqaapjytkbtue,79.589
dmamqlgfhcfpxybyxxkd,88.004
mrnbxozmhhmqzsqairek,53.713
noriraxqrdgembfqrgsk,61.8
jojzqeswzhhqhvxcxqeh,26.137
wsjtdylqzhqnbhbkkuqw,9.733
eefowebwkpdrldabnjhw,0.07
nwlrmfpzxehfxgdudrvf,36.001
ejoezqkrzfqabvwysrhb,13.707
bzdmvsmezglxljcrwvom,56.751
vswyspbksqtwirvlxvtt,58.195
nlfaclglfwucjhaonmti,35.938
mgxvkbstsoroieqsmejp,74.032
emruewdyobsozifaibrs,78.048
acmnuexlgiaebpvczogu,2.749
sifhtvgdmcplvyaqtmkq,42.042
ylximifqksteavxdxcpx,11.349
wmdjbuqpyerbrwijktzp,7.344
ivczsmcmsjxjznlljmoh,71.097
nsbchqcllfugsngxlfef,16.492
fnadwwwukvwhpxfydojy,83.333
dhouzovucbxidujgmgox,65.451
mhpggdwbyneufwjbsfll,98.688
dncpshlsjwsnxzaflwtw,77.588
omgkuiudffseupoicibt,47.926
ejwuugnyhkwicgkzeilf,51.932
cpenckmaexriwrxiqgdm,25.163
wyrlfnjhfrsnhgbymkcr,71.231
kbedntjhmltacdfiizyi,80.633
suzojaflsojrzodjmvni,41.58
abudvedmbdbsuwapxpjj,14.779
atjczjphlfwaysuwmgqr,86.236
gktbhsryvrvonjnuyjdd,54.18
etkeakmtqdlfkcemfvaj,53.418
txheptfxtlxuvsxwmcxe,61.25
dehvuwdnkejvmibnuynh,78.312
heupxmtkhvdamwvcpbdn,19.789
sqxiorsjvfdfhlpxpqbl,24.107
bdluwqgpbrrovirpgvrr,81.225
ikfguqgfjflzreortwng,50.208
mcvlbftlzzxznwcfmhvx,46.591
kjhbkurlhvysugwhclsh,77.459
riolvverxskvshbkhjnz,26.64
ayzmjgpqdcljrihnjhty,62.04
bpencdqcpiqmwewonmkk,57.344
tebawxvxyuqahuhizszb,57.977
ztzziqjgggyxwsmnspoi,56.534
bxudhfswbeyaribhtyvn,61.65
qvoctgvnvmpffwaaacra,20.361
phxajbasvhucjuhnqfjo,3.215
elzfnflmiaolwalrwwle,60.161
qobgqtyfgqefqomolrhy,32.085
bennladhydzavfhlcztn,49.988
szzjjsiurqedbbydjrcg,18.154
kmckxtynbuftcmidyrmh,17.847
phtgahrgpwyheboqvlxk,99.015
esrikannvksbkqlxwnwg,44.313
cgepzpxvxoejeadppint,1.181
fwispruewtyyjhjzwuny,99.68
wqihgxhmnuwljkqgejoo,56.102
ywerkbzapciicwhvrdgc,34.307
xbgozehqbmykjooqkrwh,41.465
nbihfqcyturkqkdopyqo,31.73
mjfrmbuhlzxuqrtxxixj,15.27
sfbszwtlkpnmlalzzmxh,68.749
dexvloxnbjbztapvcmtc,63.07
recdfqevocigdhbsbouk,65.805
gwvtejpxbnpsrziydpil,40.676
jubiftydmkydnezacryt,13.294
mlvaxcvvwlhofypijzve,68.395
zexsreyyxknmwaikprpd,52.668
yuokrpimsrucqkihxjkm,46.917
qdrwspwahnnvxtogzihz,64.962
oeoenqytdyposxrcbbnx,78.208
gizwbmxnnnfkozvgcjqt,97.07
wkoppsrcjlhfdxicxwhx,85.127
bzkdvxcueyliegccthny,98.274
zrzrolkhawznlupvkflz,55.231
igvbbhnrpdwxmgdhwqvd,2.406
bfihhdcvoofnfdolomit,4.846
lvwyqtyvlqxlypmjvmue,16.451
fsmzrrywpgxuwhhjswib,12.076
ldpcwwvsdbqdkkkurgyi,60.771
jbjobrpvxrifglxzxgeu,81.655
uyrlprqrdbekssmyoslo,56.915
cjpgasasvtwuygeoxdsy,64.788
rhanwowufwxfmswhgbtd,99.734
njsaztcafxwilbptzodr,42.949
wnjnjbsgpdmhzemovrdk,64.308
buaovzepxpbieyvkjghp,18.327
ykxxzheosnasgnxkaolf,45.34
vvvdbacblcrqbaxmqlgg,62.427
byiuryyrvycughcvrzxd,17.07
ogvxprcptrkxmxgkmyit,74.69
eeehfbdsanigtprtdsgl,28.729
srlankfobrfdnwswhgfn,32.189
rjizihxlktblbarqptyv,46.044
sgowryullaellbmccbdk,12.361
xwppjpzyavgjatixebuo,97.414
jeizcdftltwmpspjpxpw,56.435
wruvipslcoiybkyxidrx,77.826
rcemmdkbekbfjvypzayd,58.211
anwomtqixjcxcvmtrjin,79.758
etmzvwcwiqlwmkhshyaf,16.192
yjcglsvseehibtuwmssn,46.74
nwswrpnfmgqanaebnzum,98.927
bfrglsyvwulfkilukxbh,89.795
zlzryiewmoyqrwnchfwh,60.059
cpqmvbgppbsrikbczxdt,79.212
kibuyxfeapofvcmmwwht,51.504
yhnjzzspmjgamzdfxqyo,72.424
jsrhhfbusqnpcswmnpst,73.063
cveotdefbndavkjmygcy,61.334
wxtcuyqpvpbvzvxmghji,53.118
gazbhojgexmcrssoxudn,31.909
ekrnmleejspywzbrtvae,8.511
jdksdphxenxoesrltqmr,47.607
fxamnkvlmkpufixcuepa,22.175
uqverpomedtdbatmmmhn,97.251
fhhtddotcsvxbsblafph,74.865
lfznrmpwdifdrlusbgof,4.676
yvpmrjjitizvfycmkzmj,25.593
usvbvqjpvzavyhvpjyna,80.077
uazmerngfmdgxafoaxgw,19.41
qyclxgbtnqaseglfutpk,74.851
qgssfsbvtlqloozryvsr,99.502
etdlccmdlxtcxycdoijd,16.403
sbnqveonsdwidfptofgf,46.377
behtbfyxmkthqpjkoylb,33.445
omytzjkjklegwpvworxu,12.992
sskfmskhbagxghiotzfz,95.596
onkrpyvaarnktysjqrls,10.066
pfpurkoxatbtkgrfdgpd,79.811
vqqtacldwsnnraxxmheu,98.53
vmjkghgizorzgltygvbn,99.165
hcedopqxztjtfueztajt,84.192
jwhtkzkbmneedkhltvtq,49.364
yobhryufdfpbefvhborw,62.827
kplwbhblfckbibmoyuxo,23.427
eadiqvzzjqcdzdkxefuc,23.039
okonxgqdrfcbgdqobflr,70.751
efzipzxcjtqdoogdlssa,56.715
cwtkkcjqdkykudpuimhw,18.975
gcuwjkgokojwjibkdurd,1.212
psjfapecvspcbkecjixq,26.887
pvfnzfovxjjhgjdrmetf,89.519
afosbmsqmkqnkskqdqna,73.044
eeiseofiodwnbailmmaq,70.352
dhejdptumqtitgyvsipz,63.38
guemnaeikjplnuppjifn,63.07
xglvsobwrenxbejalyye,60.906
zboxionkgfjktalqlldg,81.292
gxzaahfmfhxphavqhypb,54.39
qmvmjfpomynmdmupsvpb,97.066
mprblutbztfktpnijmna,42.211
qddqezblnhfnqywsnzmv,18.396
lsgjwtuqqvczwwyrssle,2.665
bnbxdoyjnhqzcwcbovkh,40.421
aexvsixanhcwayxqvnlw,83.003
oreeqhvigagbpbcfuyuw,10.617
qpstpgmmrjcgvlcceijf,44.998
zaevizocnvzdpmgwtkiq,66.384
uutrjthbfyiievkirjgm,72.503
fvzjykfssqdfqadroiyf,7.606
bnwsyyvigyonkmlqyhyk,60.316
daqozonxbotwhcwlumpe,48.851
zsdeeebvjpfbywzlmnbt,82.34
dvapaqbeznvjjfwmuzzn,35.985
ibnzfufqzxliwcepurot,90.355
fuqlcbqjkcntpzleckdd,96.158
kutenjavvsyglxykeqts,86.434
tfoyzevucmjhgwjfiahd,38.833
pepnsuugmcvnkdzpxyaw,63.344
badxeowlemkhvfojlppe,51.352
iqoapjxetnbfqckjgkup,39.158
kuuzawdsefkidhzhctxg,95.45
ttnsvjfazkzkzqftzqwo,97.57
iecfquxnctfcowkwspsz,50.818
tpmxlzbbxgbakcuitorw,73.997
ofzjubzsnpkzutzmfzan,90.877
ayjqqrhjhejosdgyyanf,6.809
ilitmkanwokudktmaqzf,57.535
iapxnjjcusfnumncduuk,0.964
xsnpebcbiqlnfwqjdgfx,79.153
rzesxjczvrjvtqoxthab,30.911
ezmotmzpbkxwyjpgmuft,77.028
tsvekimmoprbqhwhjumv,5.665
dnvuishzotigfbwhnquc,58.064
qqllsvgobbctcfikddat,13.531
cefirbyntqtzajitmxlg,20.258
skxbsuktgtxmovlwariv,6.84
splqaujhjsamfqcgdmpj,25.95
xmzdozyjwstflsudcmci,75.147
cttiesnbsgmbgaorrycb,32.368
napncbtpntojzhypbqha,80.387
vgbsjvzknwbgxnyfdnnr,33.853
uvsckzclqrycobmyqjbk,20.44
gdkbylsrqckyjmnkaevs,32.076
ecjygdzrlhjcdemcgydb,12.954
uscvkwcicmfrqhncxszl,35.974
qcajpjkuezfkorohfxaz,8.574
bsslqzxdiitqqtdfgjzr,66.337
cgnqjczwzquernxxcazn,3.776
eoygzcwwarrioemycmuf,9.003
muwgwvhmaunxwggdhduc,99.977
aswbrdsbjhwqojgbkgmx,14.119
buqlxcbizxfbadfebahk,84.587
zdycritiipdnljulbzuc,19.291
bsaynhtkbavtjijwxyyi,4.895
ohcjrywvwucqieyiqpii,6.234
uumiptcxzmqabtpgbnxs,1.783
zcepomqsjmzibjmxfspy,6.317
psdbqhhdwrfscoflziqk,98.665
fmetwygigjsnkotzbfek,16.1
rmxibnjzhhhmokcmzivl,55.618
csrpplqtlexrrhidfylw,27.866
vhcpdacpniooiurqancz,96.414
gdklxmkqwtndamixexep,50.783
bapzwsktogpothgecexn,15.089
stztazhchlcphrxoidhb,25.046
mkfqemhdbrdyzmnmcjlo,71.533
eprwjgvwsmdqmtwsvnbe,69.506
fdvdyexdvxkdjlategbi,1.591
taourejfxrnsfekvtguf,89.226
sqzumzzblrfgpnlnsjcw,64.716
zetcfsbxnigzixvllxka,27.256
mdjnmincczvcqaiqexxb,45.095
kgubnkjikbnosflwmiei,68.301
nsksottebrjyqnotxczx,12.76
rkyaqqmuzhxzkbjffsva,72.271
knyrykkygxlymlbtkpvh,85.221
arzsnelqqtwpbyxdzowh,75.098
yoscnxadlzpahuiuqgfo,42.884
axgajbbvhcfqsefqqvjz,89.542
gcbalcbnmafcmtwmwahl,65.182
fjpedkvcfxcmxvvohdwl,48.843
pycfqiolkbnamxyblemi,50.294
mhmowavfbwsmnotorflo,70.147
kkxmtlayrofaxazemgqa,96.038
cucbrfupdqpbdxlmpfgz,97.824
koewenbeijdttnnzcyec,83.412
jbjrdnnlwfocjsihkrpk,29.041
ltasfrnxyacexfrwgcyo,74.145
akecauazxayverltaemo,94.834
qrryrogegportlkvsudb,65.04
alghprugrucgcbwzbajz,10.491
xyrauiavmeixnwjrgojl,37.503
afbrutnmojtzzfccbail,49.163
erwvsisvzszltxrzutrg,10.738
vthebmdhvywkjyvnmuly,60.977
yirugobxohxvuiqtyihv,50.782
ouqniaethompeoraryqj,94.248
ucxsrcxxespcxqvosdcj,84.205
ikfkjbibjvfsgdjveutw,77.547
wzseskfpbzxwywqgdhnn,79.979
gwyyazcrjzcghldfbheg,0.002
irqcufedsputtzyigsik,71.656
xejegeywizmmndmvkbec,62.247
drmaeclovhoctjfavlbp,14.605
xblavskgmnvbhzeczutp,18.858
emndilaqlniserxuwcjt,23.767
mniqjmjdqoxaohgwafxs,93.837
smodeinatewpnibemgqz,85.072
wtpebxlgldqlsowsiewy,26.774
zqcnljqxxqacsmfxdnfx,74.05
bstkcqpogkcuypekcfrm,51.787
lzvsmgbocgomkrghzdlg,14.88
hhyijzquifzwfjtdtolj,15.162
anrgclkfzvqdiwaflppw,75.202
hsqpkvgtiaqnnsmlgzag,79.206
haejhrwdnwrdemphqlvu,57.693
hcmwzcisskxdovnsfhmv,56.601
gshfgbaaoybaksfqwdce,74.521
jfyyzgosemxwwznmnbfn,88.217
ltvmtdtolkbyfimydxby,19.648
nayirtxwobqsrvsavyuk,91.668
actvdegtmsbzsclpbxpx,19.98
hspffrodkcmmqmxfcfxu,99.628
qmasfsvftvhlcjfmgcve,90.609
vuotktahdegmgcfudrdi,42.794
dyhavseamqeujtctrrvx,80.218
odghlpxkwgfwkwcarhdf,10.37
kangqnieodffgudyoiyi,14.108
lcyfaqrzcbhdnbntbfaf,42.027
xoaobrozpcveyjavsgmb,69.981
bgoxspbflkznwpxdrpkr,55.743
